{
    "$schema": "http://json-schema.org/draft-06/schema#",
    "$ref": "#/definitions/Corso",
    "definitions": {
        "Corso": {
            "type": "object",
            "additionalProperties": false,
            "properties": {
                "id": {
                    "type": "integer"
                },
                "nome": {
                    "type": "string"
                },
                "area": {
                    "$ref": "Area.json"
                },
                "version": {
                    "type": "integer"
                }
            },
            "required": [
                "nome", 
                "area"
            ],
            "title": "Corso"
        }
    }
}