{
    "$schema": "http://json-schema.org/draft-06/schema#",
    "$ref": "#/definitions/Evento",
    "definitions": {
        "Evento": {
            "type": "object",
            "additionalProperties": false,
            "properties": {
                "id": {
                    "type": "integer"
                },
                "nome": {
                    "type": "string"
                },
                "cognome": {
                    "type": "string"
                },
                "email": {
                    "type": "string"
                },
                "version": {
                    "type": "integer"
                }
            },
            "required": [
                "nome",
                "cognome",
                "email",
                "area"
            ],
            "title": "Persona"
        }
    }
}
