{
    "$schema": "http://json-schema.org/draft-06/schema#",
    "$ref": "#/definitions/Ricorrenza",
    "definitions": {
        "Ricorrenza": {
            "type": "object",
            "additionalProperties": false,
            "properties": {
                "type": "string",
                "enum": [
                    "GIORNALIERA",
                    "SETTIMANALE",
                    "MENSILE",
                    "ANNUALE"
                ],
                "title": "Ricorrenza"
            }
        }
    }
}